baseball	IsA	sport
yo-yo	IsA	toy
dog	CapableOf	bark
pen	UsedFor	write
something that be very good	HasProperty	good
dog	IsA	mammal
polo	IsA	game
bottle	MadeOf	plastic
book	MadeOf	paper
sex	HasProperty	fun
gold	IsA	metal
sushi	IsA	food
telephone	UsedFor	communicate
sleep	HasSubevent	dream
soccer	IsA	sport
fish	AtLocation	water
rose	IsA	flower
cloud	AtLocation	sky
linux	IsA	operate system
child	AtLocation	school
fly	IsA	insect
computer	AtLocation	office
apple	HasProperty	red
clothe	AtLocation	closet
book	AtLocation	shelf
violin	IsA	string instrument
bottle	MadeOf	glass
coat	AtLocation	closet
computer	AtLocation	library
key	UsedFor	open lock
cat	CapableOf	hunt mouse
camera	UsedFor	take picture
basketball player	HasProperty	tall
bass	IsA	fish
spoon	UsedFor	eat
paper clip	AtLocation	desk
keyboard	PartOf	computer
paper	MadeOf	wood
computer	UsedFor	work
shark	AtLocation	any ocean
chicken	CapableOf	cross road
hammer	UsedFor	drive nail
word	AtLocation	book
keyboard	UsedFor	type
animal	AtLocation	zoo
water	UsedFor	drink
window	MadeOf	glass
net	UsedFor	catch fish
dog	AtLocation	kennel
dog	IsA	animal
attend school	HasSubevent	learn
librarian	AtLocation	library
football	IsA	game
water	AtLocation	lake
car	CapableOf	go fast
sky	HasProperty	blue
football	IsA	sport
love	IsA	emotion
knife	CapableOf	spread butter
music	HasProperty	soothe
ball	HasProperty	round
see	IsA	tool
do housework	Causes	clean house
dog	IsA	pet
tennis	IsA	sport
lion	IsA	animal
statue of liberty	IsA	gift from france
bird	HasA	feather
teacher	CapableOf	school student
pool	UsedFor	swim
wing	UsedFor	fly
shoe	AtLocation	closet
sleep	HasSubevent	snore
human	CapableOf	die only once
have checkup	HasPrerequisite	go to doctor
have haircut	HasPrerequisite	go to barber
bus stop	UsedFor	wait for bus
book	UsedFor	learn
chair	AtLocation	office
see	UsedFor	cut wood
plant	HasA	leave
book	ReceivesAction	read
pilot	CapableOf	land plane
person	NotCapableOf	fly
doctor	HasProperty	smart
see exhibit	HasPrerequisite	go to museum
cup	CapableOf	hold liquid
food	AtLocation	refrigerator
car	MadeOf	metal
trout	IsA	fish
cheese	MadeOf	milk
sunset	HasProperty	pretty
see band	HasPrerequisite	buy ticket
car	HasA	seat
boy	CapableOf	date girl
penguin	NotCapableOf	fly
read	Causes	learn
do housework	Causes	have clean house
bed	UsedFor	have sex
turtle	IsA	reptile
match	UsedFor	start fire
carpet	UsedFor	cover floor
knife	AtLocation	kitchen
eat	HasSubevent	chew
sex	IsA	activity
vegetable	IsA	food
toe	PartOf	foot
book	UsedFor	read
pilot	CapableOf	fly airplane
statue of liberty	IsA	in new york
maintain muscle strength	HasPrerequisite	exercise
guitar	HasA	six string
magician	CapableOf	fool audience
listen to music	HasPrerequisite	turn on radio
doll	IsA	toy
ocean	HasA	salt water
commit perjury	HasPrerequisite	lie
cloth	UsedFor	clean
key	CapableOf	open door
cloth	UsedFor	make clothe
smoke	Causes	lung cancer
buy something	HasPrerequisite	have money
sleep	HasPrerequisite	close your eye
pen	AtLocation	office
rock	IsA	music
pan	UsedFor	cook
exercise	Causes	sweat
student	CapableOf	study
car	AtLocation	park lot
bird	AtLocation	sky
book	AtLocation	library
venus	IsA	planet
swiss cheese	HasA	hole
fruit	HasProperty	good for you
boat	UsedFor	travel on water
seven day	AtLocation	week
have physical exam	HasPrerequisite	go to doctor
rain	IsA	water
host	CapableOf	welcome guest
key	CapableOf	open lock
saddle	UsedFor	ride horse
love	CausesDesire	kiss someone
tickle	HasSubevent	laugh
bookshelf	AtLocation	library
carpet	AtLocation	house
glass	AtLocation	cupboard
shirt	AtLocation	closet
apple	HasProperty	green
peach	IsA	fruit
book	UsedFor	study
silver	IsA	metal
finch	IsA	bird
cat	CapableOf	drink water
tree	HasA	leave
horse	HasA	four leg
seven continent	AtLocation	earth
corn	IsA	vegetable
murder	IsA	crime
shingle	AtLocation	roof
diminish your own hunger	HasPrerequisite	eat
someone	AtLocation	hospital
start family	HasSubevent	have sex
fruit	UsedFor	eat
have checkup	HasPrerequisite	make doctor appointment
bicycle	AtLocation	garage
money	AtLocation	bank
cat	AtLocation	bed
water	AtLocation	river
golden retriever	IsA	dog
blue	IsA	color
chicken	CapableOf	lie egg
bed	AtLocation	bedroom
iron	IsA	metal
java	IsA	program language
ostrich	IsA	bird
ant	IsA	insect
house	HasA	window
car	HasA	four wheel
jellyfish	AtLocation	most ocean
dog	CapableOf	guide blind person
boat	AtLocation	water
earth	HasA	one moon
bicycle	HasA	two wheel
go to sport event	HasPrerequisite	buy ticket
dream	HasPrerequisite	sleep
music	IsA	sound
saxophone	IsA	musical instrument
light match	Causes	fire
dealer	CapableOf	deal card
go to bed	HasPrerequisite	turn off light
chicken	IsA	food
voice	UsedFor	sing
computer	UsedFor	play game
earth	HasProperty	spherical
elephant	AtLocation	zoo
prisoner	AtLocation	jail
key	UsedFor	open door
apple	IsA	fruit
airplane	AtLocation	sky
child	Desires	play with toy
go to get haircut	Causes	your hair will be short
play	MotivatedByGoal	have some fun
man	CapableOf	father child
biology	IsA	science
exercise	HasPrerequisite	energy
dog	CapableOf	guard house
tile	AtLocation	roof
telephone	IsA	communication device
plate	AtLocation	cupboard
fruit	HasA	seed
mastercard	IsA	credit card
fall	Causes	injury
stop your bicycle	HasSubevent	apply brake
mushroom	IsA	fungus
read newspaper	MotivatedByGoal	be inform
clock	CapableOf	tell time
run	HasSubevent	sweat
cat	CapableOf	eat mouse
pistol	IsA	gun
glass	UsedFor	drink
play sport	UsedFor	fun
human	AtLocation	school
literature	AtLocation	library
glass	AtLocation	cabinet
cat	AtLocation	lap
jump rope	UsedFor	exercise
play	Causes	fun
poodle	IsA	dog
dolphin	IsA	mammal
nurse	AtLocation	hospital
pineapple	IsA	fruit
kill	Causes	death
finger	PartOf	hand
page	PartOf	book
star	AtLocation	space
bury cat	HasSubevent	dig hole
goldfish	IsA	carp
dice	HasA	six side
light fire	HasSubevent	strike match
wash your car	HasSubevent	get wet
chimney	AtLocation	roof
bicycle	AtLocation	street
lawn mower	AtLocation	garage
go on vacation	Causes	relaxation
circle	HasProperty	round
tablecloth	AtLocation	table
pray	HasPrerequisite	believe in god
sex	HasProperty	enjoyable
pilot	CapableOf	land airplane
galaxy	AtLocation	universe
person	CapableOf	voice opinion
cat	HasA	whisker
find lose item	HasPrerequisite	search
use computer	HasSubevent	type on keyboard
cat	AtLocation	windowsill
bride	AtLocation	wed
water	HasProperty	essential to all life
watch movie	HasPrerequisite	buy ticket
needle	UsedFor	sew
pilot	CapableOf	fly plane
go to opera	HasPrerequisite	buy ticket
doctor	CapableOf	help sick person
bicycle storage area	UsedFor	store bicycle
computer	IsA	electronic device
star	AtLocation	sky
bread	AtLocation	breadbox
dresser	AtLocation	bedroom
toilet	AtLocation	bathroom
window	AtLocation	house
tuba	IsA	musical instrument
orchid	IsA	flower
kettle	UsedFor	boil water
water	HasProperty	liquid
person	CapableOf	eat
badminton	IsA	sport
golf	IsA	sport
canada	IsA	country
home	RelatedTo	family
sex	Causes	child
read	Causes	learn something
gardener	CapableOf	water plant
neighbour	AtLocation	door
parakeet	IsA	bird
have haircut	Causes	have short hair
go for drive	HasPrerequisite	get into car
fish	NotCapableOf	live out of water
dog	CapableOf	be pet
pickle	AtLocation	jar
opera singer	AtLocation	opera
something	AtLocation	something else
bottle	HasA	liquid
tickle	Causes	laughter
go to bed	HasPrerequisite	turn out light
stop your car	HasPrerequisite	apply brake
bird	AtLocation	roof
plate	AtLocation	table
saw	UsedFor	cut wood
girl	CapableOf	wear dress
pretend	HasPrerequisite	imagine
table	UsedFor	put thing on
bomb	CapableOf	destroy city
yoyo	IsA	toy
chicken	CapableOf	produce egg
commit perjury	HasSubevent	lie
key	AtLocation	pocket
jellyfish	AtLocation	aquarium
potato	AtLocation	kitchen
sink	AtLocation	kitchen
wallet	AtLocation	pocket
money	AtLocation	wallet
horn	IsA	musical instrument
build	AtLocation	city
snowman	MadeOf	snow
tree	IsA	plant
book	AtLocation	bookshelf
smoke	Causes	cancer
person	CapableOf	love
weapon	UsedFor	kill
tire	PartOf	car
baseball	IsA	game
horse	HasProperty	brown
cat	HasA	four leg
glue	HasProperty	sticky
world	HasProperty	round
make person laugh	HasPrerequisite	tell joke
human	AtLocation	love
gather energy for tomorrow	HasSubevent	sleep
car	AtLocation	freeway
read	HasSubevent	turn page
guitar	UsedFor	make music
frisbee	AtLocation	park
read newspaper	HasPrerequisite	get newspaper
wheel	HasProperty	round
go for haircut	HasPrerequisite	go to barber
breathe	HasSubevent	inhale
comb	CapableOf	part hair
eiffel tower	IsA	in paris
person	CapableOf	catch cold
stapler	AtLocation	your desk
sex	HasProperty	pleasurable
sushi	IsA	japanese food
paper	HasProperty	crumple
ping pong	IsA	game
double edge razor	UsedFor	shave
rest	HasPrerequisite	lie down
person	CapableOf	cross street
go to sleep	UsedFor	rest
chess board	UsedFor	play chess
park area	UsedFor	park car
student	AtLocation	classroom
human	AtLocation	country
human	AtLocation	home
potato	AtLocation	restaurant
state	AtLocation	country
stapler	AtLocation	desk
book	PartOf	library
gravity	IsA	force
woodwind	IsA	instrument
piano	IsA	instrument
guitar	IsA	string instrument
anger	IsA	emotion
food	ReceivesAction	eat
cat	CapableOf	catch mouse
toilet paper	AtLocation	bathroom
giraffe	AtLocation	zoo
china	IsA	country
day	HasProperty	bright
banana	IsA	fruit
pillow	AtLocation	bedroom
horse	UsedFor	ride
christianity	IsA	religion
food	AtLocation	supermarket
eiffel tower	AtLocation	paris
food	AtLocation	table
grass	AtLocation	park
earth	NotIsA	perfect sphere
milk	AtLocation	fridge
plastic	IsA	material
black hole	AtLocation	space
criminal	AtLocation	jail
car	AtLocation	car show
play game with your friend	Causes	fun
creek	AtLocation	forest
bowl	AtLocation	cupboard
contemplate	HasPrerequisite	think
coffee cup	AtLocation	desk
dog	NotCapableOf	fly
paint	CapableOf	coat wall
vegetarian	NotCapableOf	eat meat
school	UsedFor	learn
wine	UsedFor	drink
peanut butter	AtLocation	jar
seat	AtLocation	theatre
pass your university exam	HasPrerequisite	study
canvas	UsedFor	paint on
book	HasA	knowledge
climb	HasSubevent	fall
listen to music	HasSubevent	dance
be tire	CausesDesire	have rest
apply for job	Causes	get job
someone	AtLocation	museum
letter	AtLocation	post office
get up early	HasPrerequisite	set alarm clock
maintain good health	Causes	long life
go see play	HasPrerequisite	buy ticket
horse	CapableOf	jump fence
have rest	HasSubevent	close your eye
chest of drawer	UsedFor	store clothe
motherboard	AtLocation	computer
7 continent	AtLocation	earth
capital	AtLocation	country
college	IsA	place
child	CapableOf	share toy
kiss	IsA	sign of affection
fruit	HasProperty	healthy
puppy	HasProperty	cute
wrench	UsedFor	tighten bolt
ball	CapableOf	bounce
necklace	IsA	jewelry
sex	HasProperty	good
lion	IsA	carnivore
dog	IsA	man best friend
jump out of window	HasPrerequisite	open window
tissue holder	UsedFor	hold tissue
person	Desires	clothe
pass course	HasPrerequisite	study
water	AtLocation	pool
snow	AtLocation	mountain
lizard	AtLocation	dessert
cpu	PartOf	computer
whale	AtLocation	ocean
elementary school	IsA	school
soup	IsA	food
student	AtLocation	school
pencil	UsedFor	write
dog	CapableOf	run
plane	CapableOf	fly
nose	PartOf	face
chess	IsA	game
rabbit	IsA	mammal
cat	IsA	animal
butterfly	IsA	insect
go for drive	HasPrerequisite	get car
hat	ReceivesAction	wear on head
rifle	IsA	gun
robin	IsA	bird
woman	HasA	baby
car	ReceivesAction	drive
planet earth	HasProperty	round
walk in rain	HasSubevent	get wet
coffee	HasProperty	serve hot
highway	IsA	road
ball	IsA	toy
hammer	UsedFor	pound nail
telephone	AtLocation	your desk
teacher	CapableOf	teach student
awake	HasSubevent	yawn
door	AtLocation	build
cat	CapableOf	corner mouse
dust bunny	AtLocation	bed
butter	IsA	food
student	AtLocation	university
procreate	Causes	have child
chair	AtLocation	desk
bottle	IsA	container
slide	AtLocation	park
play game	HasSubevent	fun
water and oil	NotCapableOf	mix
guitar	HasA	6 string
sleep	HasPrerequisite	close eye
basketball	HasProperty	round
rock	AtLocation	mountain
go to zoo	Causes	see animal
brake	CapableOf	slow car
pass class	HasPrerequisite	study
see old thing	HasPrerequisite	go to museum
meet person	HasSubevent	shake their hand
needle	HasProperty	sharp
play game	HasSubevent	win
ocean	UsedFor	sail
passenger	CapableOf	board airplane
get job	HasSubevent	interview
car	CapableOf	crash
bank	UsedFor	store money
commit suicide	HasSubevent	die
triangle	HasA	three side
book	ReceivesAction	write
miner	CapableOf	mine coal
tool	AtLocation	garage
enjoy film	HasSubevent	laugh
dream	HasSubevent	sleep
shovel	CapableOf	dig hole
cookie	HasProperty	sweet
urinate	MotivatedByGoal	your bladder be full
go to laundromat	Causes	clean clothe
play violin	Causes	music
write instrument	UsedFor	write
tack	HasProperty	sharp
pub	UsedFor	have drink
agree with someone	HasSubevent	nod
sand	AtLocation	desert
restaurant	IsA	place
meat	UsedFor	eat
go to movie	HasPrerequisite	buy ticket
screwdriver	CapableOf	turn screw
stay healthy	Causes	long life
tongue	CapableOf	taste food
pianist	CapableOf	play piano
salad	IsA	food
die	HasSubevent	stop breathe
school bus	HasProperty	yellow
gun	CapableOf	kill person
mouse	AtLocation	garage
lock	AtLocation	door
crab	AtLocation	sand
corner cupboard	AtLocation	kitchen
water	AtLocation	waterfall
bomb	CapableOf	explode
cornea	PartOf	eye
tomato	IsA	vegetable
wake up	HasFirstSubevent	open your eye
sleep	MotivatedByGoal	rest
egg	IsA	food
chair	UsedFor	sit
leaf	AtLocation	tree
bread	MadeOf	flour
fry pan	UsedFor	cook
arm	PartOf	body
tree	CapableOf	grow
carpenter	CapableOf	build house
green	IsA	color
bed	UsedFor	sleep
blanket	UsedFor	sleep
baby	CapableOf	cry
lion	AtLocation	zoo
monitor	PartOf	computer
islam	IsA	religion
human	CapableOf	eat
usenet newsgroup	PartOf	usenet
san francisco	IsA	city
have sex	HasSubevent	have orgasm
boat	IsA	on water
man	CapableOf	date woman
sport	HasProperty	fun
computer	UsedFor	communication
dog	HasA	four leg
farmer	CapableOf	farm land
match	CapableOf	light candle
air	IsA	gas
snore	HasPrerequisite	sleep
drive	HasPrerequisite	get in car
brain	AtLocation	head
pen	HasA	ink
visit other country	HasPrerequisite	travel
dentist	IsA	doctor
hockey	IsA	sport
empty your bladder	HasPrerequisite	go to bathroom
thief	CapableOf	case house
apple	ReceivesAction	eat
neighbor	AtLocation	door
passenger	CapableOf	board plane
hanger	AtLocation	closet
read magazine	HasSubevent	turn page
babysitter	CapableOf	mind baby
boy	CapableOf	kiss girl
skate	HasSubevent	fall down
french	IsA	language
bar stool	UsedFor	sit on
play tennis	HasSubevent	hit ball
see your favorite show	Causes	laugh
go to play	Causes	be entertain
program	AtLocation	television
sing	Causes	sore throat
teacher	AtLocation	classroom
person	CapableOf	wind clock
thief	CapableOf	case joint
have fun	HasSubevent	smile
book	AtLocation	your desk
love	CausesDesire	propose to woman
rest	HasSubevent	sleep
commercial	AtLocation	television
reproduce	HasSubevent	have sex
horse	CapableOf	carry person
get up early	HasPrerequisite	set your alarm clock
cook	CapableOf	prepare meal
person	CapableOf	taste food
internet	UsedFor	research
cold	CausesDesire	light fire
fan	UsedFor	move air
chair	HasProperty	comfortable
author	CapableOf	write book
artist	CapableOf	paint portrait
highway	UsedFor	travel
person	CapableOf	thank another person
play game	UsedFor	have fun
bathe	HasSubevent	use soap
bathtub	UsedFor	bathe
chalk	UsedFor	write on blackboard
someone	AtLocation	post office
floor	UsedFor	walk on
weasel	AtLocation	zoo
lizard	AtLocation	bush
mouse	AtLocation	laboratory
man	Desires	woman
take shower	HasSubevent	wash your hair
death	PartOf	life
drum	IsA	percussion instrument
scissor	UsedFor	cut
grass	AtLocation	lawn
soap	UsedFor	clean
food	UsedFor	eat
cake	HasProperty	sweet
viola	IsA	instrument
wheel	PartOf	car
person	CapableOf	sleep
human	IsA	mammal
rice	IsA	food
eraser	MadeOf	rubber
chopstick	UsedFor	eat
knife	UsedFor	cut
saturn	IsA	planet
mar	IsA	planet
mouse	IsA	mammal
galaxy	PartOf	universe
exercise	HasProperty	good for you
jack	IsA	child game
jack	IsA	game
build	HasProperty	big
your tooth	AtLocation	your mouth
ride horse	HasSubevent	fall off
gamble	HasProperty	addictive
food	AtLocation	oven
cut your hair	HasPrerequisite	go to barber
person	CapableOf	captain ship
computer	AtLocation	your house
refrigerator	UsedFor	keep food cold
lizard	HasProperty	cold blood
disco	UsedFor	dance
bathe	HasPrerequisite	take your clothe off
reproduce	HasPrerequisite	have sex
seat	AtLocation	theater
car	AtLocation	city
fly in airplane	HasPrerequisite	buy ticket
swim	HasPrerequisite	get into water
cross street	Causes	get to other side
colorado	IsA	state
california	IsA	state
dog	HasA	fur
get something	HasPrerequisite	ask for it
flask	UsedFor	hold liquid
get pay	HasPrerequisite	work
quill	UsedFor	write
food	AtLocation	fridge
marijuana	IsA	drug
computer	AtLocation	school
fish	AtLocation	ocean
wristwatch	UsedFor	tell time
book	AtLocation	classroom
write	HasSubevent	think
go for swim	HasSubevent	get wet
pepper and salt	UsedFor	season food
person	CapableOf	water plant
pretend	HasPrerequisite	use your imagination
cereal bowl	UsedFor	eat cereal
human	HasA	five finger on each hand
compete	HasSubevent	win
box	IsA	container
coke	IsA	soda
chew your food	Causes	good digestion
brain	IsA	head
floor	AtLocation	table
library	HasA	book
book	HasA	story
can food	AtLocation	pantry
play guitar	HasSubevent	sing
cat	HasA	fur
lawyer	CapableOf	object in court
something	AtLocation	school
telephone	AtLocation	office
hummingbird	CapableOf	hover
cat	IsA	curious animal
drink	HasPrerequisite	open your mouth
star trek	IsA	popular television show
read	MotivatedByGoal	learn
radio	CapableOf	play music
literature	UsedFor	read
attend lecture	HasSubevent	take note
read news	HasPrerequisite	buy newspaper
stage	UsedFor	play
fur	UsedFor	keep animal warm
answer question	HasPrerequisite	think
fork	AtLocation	table
baseball field	UsedFor	play baseball
winter	HasProperty	cold
drink alcohol	HasSubevent	get drunk
dream	HasPrerequisite	fall asleep
finger	CapableOf	push button
person	PartOf	society
compete	MotivatedByGoal	win
full bladder	CausesDesire	urinate
human	CapableOf	die
play poker	HasSubevent	bluff
pillow case	UsedFor	cover pillow
person	CapableOf	believe in god
star	AtLocation	night sky
bird	AtLocation	air
pantry	AtLocation	kitchen
towel rack	AtLocation	bathroom
open gift	Causes	surprise
telephone	UsedFor	communication
monkey	Desires	eat banana
violin	UsedFor	play music
computer	CapableOf	compute
salt	UsedFor	melt ice
drawer	AtLocation	desk
banana	HasProperty	yellow
physic	IsA	science
wine	IsA	beverage
tiger	AtLocation	zoo
cucumber	IsA	vegetable
person	CapableOf	think
eye	UsedFor	see
red	IsA	color
study	HasSubevent	read
denim	IsA	fabric
metal	IsA	music
france	IsA	country
frog	IsA	amphibian
novel	IsA	book
brazil	IsA	country
information	AtLocation	internet
have sex	Causes	baby
work	NotHasProperty	fun
bicycle	UsedFor	transportation
shoe	UsedFor	protect foot
dog	NotCapableOf	talk
have rest	MotivatedByGoal	you be very tire
most pizza	HasA	cheese on it
paper	UsedFor	make paper airplane
sit down	HasPrerequisite	bend your knee
atheist	CapableOf	doubt existence of god
person	Desires	dance
something	AtLocation	library
detective	CapableOf	piece together clue
play sport	HasSubevent	run
horse	ReceivesAction	ride
alcohol	CapableOf	cloud judgement
something	AtLocation	store
some car	HasProperty	expensive
pony	IsA	horse
house	HasA	door
teacher	CapableOf	help student
your neighbor	AtLocation	door
gun	UsedFor	kill someone
wine	HasA	alcohol
poker	IsA	card game
remember phone number	HasPrerequisite	repeat it to yourself
food	AtLocation	kitchen
visit other country	HasPrerequisite	get passport
moon	AtLocation	space
flower	AtLocation	park
take bus	HasPrerequisite	go to bus stop
frisbee	HasProperty	round
alcohol	CapableOf	cloud your judgement
rose	HasA	thorn
human	AtLocation	park
jewish person	AtLocation	synagogue
kitchen	UsedFor	cook food
human	AtLocation	workplace
mirror	AtLocation	bedroom
oxygen	IsA	gas
train	CapableOf	arrive late
woman	CapableOf	chair committee
girl	AtLocation	school
cheese	IsA	food
someone	AtLocation	zoo
submarine	AtLocation	water
move car	Causes	accident
blacksmith	CapableOf	shoe horse
duck	HasA	bill
hamburger	AtLocation	fast-food restaurant
get drunk	HasPrerequisite	drink alcohol
person	CapableOf	laugh at joke
carpet pad	AtLocation	carpet
condominium	UsedFor	live in
sate your hunger	HasPrerequisite	eat
shoe	ReceivesAction	wear on foot
cross street	HasPrerequisite	look both way
someone	AtLocation	lake
bicycle	IsA	two wheel vehicle
shirt	IsA	clothe
something	AtLocation	beach
play piano	HasPrerequisite	take lesson
fire	CapableOf	burn thing
stopwatch	CapableOf	time race
attend classical concert	HasPrerequisite	buy ticket
usher	CapableOf	seat guest
cup	UsedFor	drink from
person	CapableOf	talk to each other
walk in rain	Causes	you get wet
bomb	CapableOf	destroy build
fan	UsedFor	circulate air
parent	CapableOf	name child
raisin	IsA	dry grape
bird	AtLocation	forest
traveller	AtLocation	airport
something	AtLocation	tree
something	AtLocation	mall
go to school	HasSubevent	learn
man	HasA	penis
bomb	UsedFor	blow thing up
mechanic	CapableOf	service car
someone	AtLocation	theater
jump out of window	HasSubevent	die
cake	AtLocation	oven
read magazine	HasPrerequisite	buy magazine
mother	CapableOf	care for her child
play sport	HasSubevent	have fun
tv	IsA	abbreviation for television
pipe	UsedFor	smoke tobacco
water	CapableOf	reflect image
go to bed	Causes	sleep
tickle	Causes	laugh
tool	UsedFor	fix thing
study	HasSubevent	read book
saxophone	IsA	instrument
bomb	UsedFor	kill person
plant	HasProperty	green
skyscraper	IsA	build
soap	UsedFor	wash your hand
person	CapableOf	thank god
fruit	HasProperty	sweet
person	CapableOf	sail boat
person	CapableOf	pay bill
master bedroom	UsedFor	sleep
have asthma attack	HasPrerequisite	have asthma
ticket office	UsedFor	buy ticket
bookstore	UsedFor	buy book
diner	UsedFor	eat
sailor	CapableOf	sail ship
have food	UsedFor	eat
student	CapableOf	fail test
tooth	UsedFor	chew food
classroom	UsedFor	teach
propose to woman	Causes	marriage
ruler	CapableOf	measure distance
airplane	UsedFor	travel
dresser	UsedFor	store clothe
feather	UsedFor	tickle someone
window	UsedFor	look outside
submarine	IsA	ship
bagpipe	UsedFor	play music
listen to radio	HasSubevent	hear music
find lose item	HasPrerequisite	look for it
pulpit	UsedFor	preach
live	HasSubevent	breathe
dog	IsA	loyal friend
fish	AtLocation	river
salt	AtLocation	ocean
card catalog	AtLocation	library
cd	AtLocation	cd player
planet	AtLocation	space
clarinet	AtLocation	orchestra
wine list	AtLocation	restaurant
mouthwash	AtLocation	bathroom
rosebush	AtLocation	backyard
elephant	AtLocation	circus
play game	HasSubevent	have fun
sheet	UsedFor	cover bed
computer	CapableOf	process information
potato	IsA	vegetable
bread	UsedFor	eat
music stand	UsedFor	hold music
razor	UsedFor	shave
student	AtLocation	at school
ball	UsedFor	throw
dinner	IsA	meal
notebook	AtLocation	desk
ear	UsedFor	hear
chocolate	IsA	food
son	PartOf	family
gun	IsA	weapon
lettuce	IsA	vegetable
car	IsA	vehicle
fork	UsedFor	eat
human	IsA	animal
fall	IsA	season
night	HasProperty	dark
steel	IsA	metal
sword	HasProperty	sharp
chocolate	IsA	candy
leaf	PartOf	tree
crappie	IsA	fish
salamander	IsA	amphibian
table tennis	IsA	sport
pelican	IsA	bird
pencil	UsedFor	write something on paper
god	PartOf	religion
library	UsedFor	do research
paris	IsA	city
music	IsA	form of art
most person	HasProperty	right hand
most person	HasProperty	right-handed
car	HasA	headlight
girl	IsA	hold puppy
bicycle	IsA	form of transportation
nose	AtLocation	face
there	IsA	food at grocery store
propose to woman	MotivatedByGoal	you love her
have sex	HasSubevent	sweat
house	HasA	room
pig	NotCapableOf	fly
clothe	AtLocation	drawer
sushi	IsA	raw fish
sock	AtLocation	drawer
student	CapableOf	master subject
eat breakfast	HasPrerequisite	wake up
apple	HasProperty	good for you
soap	UsedFor	wash yourself
corn	IsA	food
glass	HasProperty	half full
high rise	IsA	build
go to party	UsedFor	fun
program	HasPrerequisite	learn program language
music	CreatedBy	composer
sock	AtLocation	sock drawer
policeman	CapableOf	direct traffic
paper	HasProperty	recyclable
chicken	IsA	meat
sofa	IsA	sit on
see art	HasPrerequisite	go to museum
go for haircut	HasPrerequisite	find barber
knife	CapableOf	spread peanut butter
classroom	IsA	in school
floor	AtLocation	carpet
clerk	CapableOf	stock shelve
bunsen burner	AtLocation	chemistry lab
horse	AtLocation	race track
rope	AtLocation	boat
police officer	CapableOf	direct traffic
dog	HasProperty	very loyal
read	HasSubevent	learn
bridge	UsedFor	cross river
cat	HasA	claw
puck	AtLocation	hockey game
bill	AtLocation	mail box
grocer	CapableOf	stock shelve
person	CapableOf	shoulder burden
watch even news	HasPrerequisite	turn on tv
have epileptic fit	HasSubevent	fall down
bell	AtLocation	church
reproduce	HasPrerequisite	find mate
book	AtLocation	backpack
movie	AtLocation	theater
have nervous breakdown	HasSubevent	cry
get some money from someone	HasPrerequisite	ask
deaf person	NotCapableOf	hear
floor	UsedFor	walk
woman	CapableOf	mother child
go for swim	HasSubevent	drown
actor	AtLocation	movie
match	CapableOf	light fire
empty your bladder	HasPrerequisite	go to toilet
tank	ReceivesAction	use in war
car	CapableOf	slow down
nurse	CapableOf	care for patient
detective	CapableOf	tail suspect
contraceptive	UsedFor	prevent pregnancy
grain of sand	HasProperty	very small
wait in line	Causes	boredom
visitor	CapableOf	ring doorbell
knife	AtLocation	drawer
gideon bible	AtLocation	motel
towel bar	UsedFor	hang towel
some plastic	ReceivesAction	recycle
passenger	CapableOf	board train
sew	HasPrerequisite	thread needle
think	HasPrerequisite	brain
clothe	AtLocation	store
typewriter	UsedFor	type letter
rack	AtLocation	oven
party	HasProperty	fun
fire engine	HasProperty	red
dog	IsA	canine
watch television show	HasPrerequisite	turn on tv
go to hairdresser	HasSubevent	get haircut
something	AtLocation	sea
something	AtLocation	refrigerator
soda	IsA	drink
spanish restaurant	UsedFor	eat spanish food
pocket knife	IsA	useful tool
enjoy film	HasSubevent	eat popcorn
ski	HasPrerequisite	snow
two person	HasA	sex
chat with friend	Causes	laughter
vintner	CapableOf	bottle wine
love	IsA	feel
someone	AtLocation	shop
dog	CapableOf	guard your house
watch tv	HasSubevent	fall asleep
plane	CapableOf	crash
canada	HasProperty	north of unite state
relax	Causes	sleep
banjo	IsA	string instrument
guitare	IsA	instrument
diminish your own hunger	HasSubevent	eat
express how funny something	HasSubevent	be laugh
chop firewood	HasPrerequisite	axe
play frisbee	HasSubevent	catch frisbee
stop your car	HasPrerequisite	press brake
bathe	Causes	be clean
stone	IsA	another word for rock
baseball	IsA	american pastime
beanie	IsA	hat
cowboy boot	MadeOf	leather
rubber duck	HasProperty	yellow
baby animal	HasProperty	cute
fedora	IsA	hat
play ball	HasSubevent	catch ball
shotgun	IsA	gun
gather energy for tomorrow	HasPrerequisite	sleep
have examination	HasPrerequisite	see doctor
plane	CapableOf	arrive at airport
get up early	HasPrerequisite	go to bed early
make friend	HasPrerequisite	smile
person	Desires	laugh
new york	IsA	state
clarinet	IsA	instrument
reproduce	Causes	child
bean	IsA	vegetable
play basketball	HasSubevent	dribble
camper	CapableOf	sleep in tent
hear news	HasPrerequisite	turn on tv
hill	UsedFor	climb
comb	UsedFor	style hair
turtle	CapableOf	live long time
tie your shoelace	UsedFor	keep your shoe on
paint house	HasPrerequisite	ladder
woman	CapableOf	wear dress
president	CapableOf	govern country
piggy bank	UsedFor	save money
think	UsedFor	solve problem
watch television	HasPrerequisite	turn television on
sofa bed	UsedFor	sleep on
buy food	HasPrerequisite	go to store
towel rack	UsedFor	hold towel
brownstone	UsedFor	live in
lawyer	CapableOf	settle lawsuit
fork	UsedFor	eat food
egg	AtLocation	supermarket
sun	AtLocation	center of solar system
tenor	AtLocation	opera
audience	AtLocation	theatre
human	AtLocation	church
staple	AtLocation	stapler
key	AtLocation	purse
trash	AtLocation	dumpster
city	AtLocation	county
shop basket	AtLocation	supermarket
science	AtLocation	university
closet	AtLocation	bedroom
foot	AtLocation	shoe
cavity	AtLocation	tooth
statue	AtLocation	museum
person	Desires	feel important
book	CreatedBy	writer
xylophone	IsA	percussion instrument
broom	UsedFor	sweep
knife	UsedFor	stab
english	IsA	language
lemon	HasProperty	sour
trigger	PartOf	gun
baseball	UsedFor	play baseball
table	AtLocation	kitchen
oil	HasProperty	slippery
cup	UsedFor	drink
tree	AtLocation	forest
pencil	MadeOf	wood
london	IsA	city
swim	IsA	sport
child	CapableOf	play
door	PartOf	house
pot	UsedFor	cook
rock	HasProperty	heavy
palm	PartOf	hand
coffee	MadeOf	coffee bean
paper	HasProperty	white
fish	IsA	animal
jean	MadeOf	denim
fruit	HasProperty	edible
robot	IsA	machine
pilot	CapableOf	fly helicopter
backgammon	IsA	game
jupiter	IsA	planet
lake	IsA	body of water
spider	IsA	arachnid
whale	IsA	mammal
beaver	IsA	mammal
pheasant	IsA	bird
crow	IsA	bird
hawk	IsA	bird
goose	IsA	bird
perl	IsA	program language
c	IsA	program language
bird	CapableOf	sing
sex	Causes	orgasm
fish	AtLocation	aquarium
dog	Desires	chew on bone
dog	NotCapableOf	sweat
cat	IsA	carnivore
buy present for others	HasPrerequisite	have money
twenty four hour	AtLocation	day
phone	AtLocation	your desk
atheist	NotCapableOf	believe in god
dog	UsedFor	companionship
college	AtLocation	city
feather	AtLocation	bird
shovel	UsedFor	dig hole
soap	UsedFor	clean something
apple	HasProperty	good to eat
eat breakfast in bed	HasSubevent	watch tv
commit to memory	HasSubevent	repeat
learn	HasPrerequisite	study
unix	IsA	operate system
unix	IsA	system
write term paper	HasPrerequisite	research
sailboat	ReceivesAction	propel by wind
kitten	DefinedAs	baby cat
pray	HasSubevent	kneel down
shop	HasPrerequisite	have money
kill	HasProperty	wrong
bottle	UsedFor	store liquid
sleep	HasPrerequisite	get in bed
music	HasProperty	relax
men and woman	HasProperty	different
tongue	AtLocation	your mouth
plate	AtLocation	kitchen
become inebriate	HasPrerequisite	drink alcohol
sail	HasProperty	fun
boy	IsA	young man
beer	IsA	alcoholic beverage
study	HasPrerequisite	concentration
city	IsA	place
fart	Causes	bad smell
smoke cigarette	Causes	lung cancer
compete against someone	HasPrerequisite	enter competition
roof tile	AtLocation	roof
toothbrush	UsedFor	clean your tooth
go to performance	HasPrerequisite	buy ticket
create idea	HasPrerequisite	think
surprise someone	HasPrerequisite	hide
meet interest person	HasSubevent	talk to them
take phone call	HasPrerequisite	pick up phone
reach tentative agreement	HasPrerequisite	compromise
lie	HasSubevent	you feel guilty
key chain	UsedFor	keep key together
foot	AtLocation	desk
pea	IsA	vegetable
compete	HasSubevent	you lose
submarine	CapableOf	travel under water
watch even news	HasPrerequisite	turn on television
play	HasSubevent	have fun
have bath	HasPrerequisite	fill tub with water
apple	AtLocation	apple tree
slave	IsA	person
drive	HasSubevent	listen to radio
restaurant	UsedFor	eat out
chess board	HasA	64 square
school	AtLocation	city
chat with friend	HasSubevent	laugh
have bath	HasSubevent	get wet
baggage	AtLocation	airport
paint picture	HasSubevent	look at model
relax	HasSubevent	sleep
cookie	AtLocation	jar
baby	CapableOf	cry loud
strike match	Causes	fire
banker	CapableOf	lend money
bury cat	HasPrerequisite	dig hole
earn live	HasPrerequisite	work
twenty-four hour	AtLocation	day
person	CapableOf	board plane
furnace	AtLocation	basement
play sport	UsedFor	competition
stair	UsedFor	climb
park lot	UsedFor	park car
terrorist	CapableOf	arm bomb
wood	UsedFor	fence in property
pool	UsedFor	get out of heat
play game	HasPrerequisite	learn rule
duck	HasA	web foot
play basketball	HasSubevent	score point
ball	CapableOf	roll down hill
stethoscope	AtLocation	doctor
make patchwork quilt	HasSubevent	sew
leave	AtLocation	tree
plant	HasA	green leave
pay bill	HasPrerequisite	have money
skin	UsedFor	cover body
spanish	IsA	language
baseball	IsA	be entertain
yo-yo	IsA	river
go to bed	CapableOf	bark
pen	AtLocation	write
golf	HasProperty	good
dog	IsA	wood
polo	IsA	sweat
colorado	MadeOf	plastic
book	MadeOf	mall
sex	AtLocation	fun
gold	IsA	eat
sushi	IsA	sit on
telephone	IsA	communicate
sleep	HasPrerequisite	dream
soccer	AtLocation	sport
fish	AtLocation	school
plant	IsA	flower
cloud	AtLocation	school
linux	IsA	classroom
child	AtLocation	fence in property
fly	HasSubevent	insect
paint house	AtLocation	office
apple	HasProperty	fun
clothe	CapableOf	closet
book	UsedFor	shelf
violin	IsA	write
fruit	MadeOf	glass
cat	AtLocation	closet
computer	CapableOf	library
key	Causes	open lock
play basketball	CapableOf	hunt mouse
propose to woman	UsedFor	take picture
basketball player	HasSubevent	tall
bass	HasPrerequisite	fish
spoon	HasPrerequisite	eat
paper clip	AtLocation	state
keyboard	HasPrerequisite	computer
paper	HasSubevent	wood
chair	UsedFor	work
shark	UsedFor	any ocean
teacher	CapableOf	cross road
book	UsedFor	drive nail
lizard	AtLocation	book
keyboard	CapableOf	type
animal	NotHasProperty	zoo
c	UsedFor	drink
window	AtLocation	glass
man	UsedFor	catch fish
key	AtLocation	kennel
day	IsA	animal
attend school	HasSubevent	animal
clothe	AtLocation	library
football	CapableOf	game
knife	AtLocation	lake
car	CapableOf	drink alcohol
sky	HasProperty	vehicle
bury cat	IsA	sport
love	AtLocation	emotion
knife	CapableOf	have money
music	HasProperty	get into car
ball	HasPrerequisite	round
student	IsA	tool
do housework	Causes	food
dog	HasSubevent	pet
tennis	IsA	vegetable
lion	Causes	animal
key	IsA	gift from france
literature	HasA	feather
teacher	IsA	school student
pool	UsedFor	post office
wing	AtLocation	fly
shoe	HasA	closet
sleep	HasSubevent	wear on foot
human	CapableOf	door
have checkup	HasPrerequisite	movie
have haircut	HasPrerequisite	fun
bus stop	UsedFor	three side
book	CapableOf	learn
chair	HasProperty	office
see	AtLocation	cut wood
plant	HasA	string instrument
food	ReceivesAction	read
fish	CapableOf	land plane
person	NotCapableOf	cry loud
fall	HasProperty	smart
author	HasPrerequisite	go to museum
cup	HasSubevent	hold liquid
vegetarian	AtLocation	refrigerator
car	UsedFor	metal
trout	HasProperty	fish
cheese	HasSubevent	milk
sunset	HasPrerequisite	pretty
see band	HasPrerequisite	basement
urinate	HasA	seat
boy	HasSubevent	date girl
penguin	NotCapableOf	cold
read	IsA	learn
do housework	HasA	have clean house
bed	UsedFor	science
student	IsA	reptile
match	AtLocation	start fire
carpet	UsedFor	bark
knife	AtLocation	laugh
car	HasSubevent	chew
sex	HasSubevent	activity
vegetable	IsA	instrument
meet interest person	PartOf	foot
traveller	UsedFor	read
pilot	HasProperty	fly airplane
razor	IsA	in new york
play ball	HasPrerequisite	exercise
someone	HasA	six string
magician	IsA	fool audience
listen to music	HasPrerequisite	eat
doll	IsA	right-handed
ocean	HasProperty	salt water
commit perjury	HasA	lie
cloth	UsedFor	exercise
key	CapableOf	search
voice	UsedFor	make clothe
smoke	Causes	zoo
buy something	HasPrerequisite	have orgasm
sleep	HasProperty	close your eye
pen	UsedFor	office
rock	AtLocation	music
read	UsedFor	cook
exercise	CapableOf	sweat
pelican	CapableOf	study
car	PartOf	park lot
watch tv	AtLocation	sky
book	AtLocation	sleep
venus	PartOf	planet
swiss cheese	HasA	guard your house
have epileptic fit	HasProperty	good for you
boat	AtLocation	travel on water
seven day	HasA	week
wheel	HasPrerequisite	go to doctor
remember phone number	IsA	water
host	HasProperty	welcome guest
key	AtLocation	open lock
saddle	AtLocation	ride horse
love	IsA	kiss someone
tickle	HasSubevent	supermarket
buy present for others	AtLocation	library
bar stool	AtLocation	house
glass	MadeOf	cupboard
wheel	AtLocation	closet
apple	HasProperty	propose to woman
peach	HasSubevent	fruit
listen to radio	UsedFor	study
silver	IsA	eat
key	IsA	bird
go to hairdresser	CapableOf	drink water
tree	CapableOf	leave
paint picture	HasA	four leg
seven continent	UsedFor	earth
corn	IsA	kitchen
murder	AtLocation	crime
shingle	PartOf	roof
diminish your own hunger	HasSubevent	eat
someone	UsedFor	hospital
student	HasSubevent	have sex
see exhibit	UsedFor	eat
have checkup	AtLocation	make doctor appointment
bottle	AtLocation	garage
money	MadeOf	bank
food	AtLocation	bed
pilot	AtLocation	river
golden retriever	IsA	serve hot
blue	HasProperty	color
chicken	AtLocation	lie egg
plant	AtLocation	bedroom
iron	Desires	metal
java	AtLocation	program language
ostrich	UsedFor	bird
ant	IsA	space
go to get haircut	HasA	window
car	HasA	walk
beanie	AtLocation	most ocean
dog	UsedFor	guide blind person
boat	HasPrerequisite	water
earth	AtLocation	one moon
procreate	HasA	two wheel
go to sport event	Causes	buy ticket
dream	HasA	sleep
glass	IsA	sound
gravity	IsA	musical instrument
light match	ReceivesAction	fire
author	CapableOf	deal card
go to bed	HasPrerequisite	closet
slide	IsA	food
lemon	UsedFor	sing
computer	CapableOf	play game
kiss	HasProperty	spherical
elephant	AtLocation	table
prisoner	AtLocation	closet
college	UsedFor	open door
alcohol	IsA	fruit
airplane	UsedFor	sky
passenger	Desires	play with toy
go to get haircut	HasProperty	your hair will be short
play	MotivatedByGoal	make paper airplane
man	CapableOf	you feel guilty
biology	IsA	read
exercise	IsA	energy
play sport	CapableOf	guard house
tile	AtLocation	communication device
live	IsA	communication device
plate	IsA	cupboard
fruit	HasSubevent	seed
mastercard	IsA	go to barber
fall	HasPrerequisite	injury
stop your bicycle	HasSubevent	fish
cross street	IsA	fungus
gravity	MotivatedByGoal	be inform
clock	HasA	tell time
dog	HasSubevent	sweat
cat	AtLocation	eat mouse
pistol	Causes	gun
notebook	UsedFor	drink
play sport	HasPrerequisite	fun
human	AtLocation	most ocean
literature	CapableOf	library
glass	AtLocation	boredom
cat	HasA	lap
jump rope	UsedFor	two wheel vehicle
play	Causes	bird
poodle	Causes	dog
soccer	IsA	mammal
nurse	IsA	hospital
cereal bowl	IsA	fruit
kill	Causes	dribble
finger	PartOf	laugh at joke
page	PartOf	cd player
star	AtLocation	interview
bury cat	HasPrerequisite	dig hole
goldfish	AtLocation	carp
pass course	HasA	six side
shovel	HasSubevent	strike match
wash your car	HasSubevent	popular television show
chimney	AtLocation	wed
bicycle	HasProperty	street
lawn mower	AtLocation	pantry
go on vacation	HasPrerequisite	relaxation
circle	HasProperty	book
tablecloth	IsA	table
pray	UsedFor	believe in god
sex	HasProperty	walk on
pilot	HasProperty	land airplane
galaxy	AtLocation	water
person	AtLocation	voice opinion
sex	HasA	whisker
commit perjury	HasPrerequisite	search
use computer	HasSubevent	transportation
robot	AtLocation	windowsill
bride	UsedFor	wed
water	HasProperty	pocket
ball	HasPrerequisite	buy ticket
needle	HasProperty	sew
duck	CapableOf	fly plane
jean	HasPrerequisite	buy ticket
doctor	CapableOf	water
bicycle storage area	AtLocation	store bicycle
computer	IsA	bathe
star	AtLocation	language
bread	UsedFor	breadbox
dresser	AtLocation	park car
toilet	AtLocation	jar
student	AtLocation	house
tuba	IsA	eat
diner	IsA	flower
kettle	AtLocation	boil water
leaf	HasProperty	liquid
person	CapableOf	lie
badminton	IsA	bookshelf
golf	IsA	cover pillow
canada	IsA	look outside
home	RelatedTo	mammal
sex	Causes	hockey game
read	Causes	school
gardener	CapableOf	cook
neighbour	AtLocation	chew food
day	IsA	bird
pepper and salt	Causes	have short hair
lizard	HasPrerequisite	get into car
fish	NotCapableOf	window
fruit	CapableOf	be pet
rain	AtLocation	jar
opera singer	AtLocation	school
murder	AtLocation	something else
thief	HasA	liquid
paper	Causes	laughter
learn	HasPrerequisite	turn out light
stop your car	HasPrerequisite	carp
canvas	AtLocation	roof
plate	HasPrerequisite	table
be tire	UsedFor	cut wood
girl	IsA	wear dress
pretend	IsA	imagine
table	UsedFor	play chess
bomb	HasA	destroy city
yoyo	IsA	amphibian
chicken	PartOf	produce egg
commit perjury	HasSubevent	game
egg	AtLocation	pocket
go to bed	AtLocation	aquarium
city	AtLocation	kitchen
sink	AtLocation	have money
wallet	AtLocation	build house
money	AtLocation	library
sword	IsA	musical instrument
build	HasPrerequisite	city
teacher	MadeOf	snow
tree	AtLocation	plant
visitor	AtLocation	bookshelf
passenger	Causes	cancer
chopstick	CapableOf	love
clothe	UsedFor	kill
apple	PartOf	car
contraceptive	IsA	game
canvas	HasProperty	brown
take bus	HasA	four leg
glue	HasProperty	music
world	HasA	round
make person laugh	HasProperty	tell joke
human	UsedFor	love
gather energy for tomorrow	HasSubevent	forest
fork	AtLocation	freeway
read	HasSubevent	yellow
guitar	UsedFor	get wet
frisbee	AtLocation	tree
read newspaper	CapableOf	get newspaper
wheel	HasProperty	cupboard
go for haircut	UsedFor	go to barber
bury cat	HasSubevent	inhale
comb	CapableOf	doctor
eiffel tower	IsA	serve hot
read	CapableOf	catch cold
stapler	HasSubevent	your desk
toilet	HasProperty	pleasurable
sushi	UsedFor	japanese food
paper	HasPrerequisite	crumple
ping pong	UsedFor	game
double edge razor	UsedFor	fungus
frisbee	HasPrerequisite	lie down
window	CapableOf	cross street
rice	UsedFor	rest
crappie	UsedFor	play chess
carpet	UsedFor	park car
student	HasA	classroom
go to school	AtLocation	country
human	HasProperty	home
author	AtLocation	restaurant
state	IsA	country
stapler	IsA	desk
book	PartOf	propel by wind
planet earth	IsA	force
woodwind	IsA	shelf
shingle	IsA	instrument
guitar	IsA	desk
cookie	IsA	emotion
oil	ReceivesAction	eat
cat	CapableOf	mammal
toilet paper	AtLocation	roll down hill
giraffe	UsedFor	zoo
china	IsA	amphibian
day	HasProperty	tell time
banana	CapableOf	fruit
pillow	UsedFor	bedroom
go to bed	UsedFor	ride
christianity	IsA	country
snowman	AtLocation	supermarket
eiffel tower	CapableOf	paris
football	AtLocation	table
grass	HasSubevent	park
earth	HasPrerequisite	perfect sphere
milk	AtLocation	big
boat	IsA	material
exercise	AtLocation	space
criminal	CapableOf	jail
water	AtLocation	car show
play game with your friend	CapableOf	fun
creek	IsA	forest
bowl	HasPrerequisite	cupboard
contemplate	HasPrerequisite	orgasm
coffee cup	IsA	desk
dog	AtLocation	fly
plane	CapableOf	coat wall
vegetarian	NotCapableOf	freeway
shop	UsedFor	learn
wine	CapableOf	drink
peanut butter	AtLocation	eat spanish food
lizard	AtLocation	theatre
pass your university exam	UsedFor	study
have fun	UsedFor	paint on
book	HasA	learn
climb	HasPrerequisite	fall
listen to music	HasSubevent	wash your hair
wine list	CausesDesire	have rest
lemon	Causes	get job
someone	HasA	museum
letter	AtLocation	orchestra
get up early	HasPrerequisite	deal card
maintain good health	Causes	instrument
go see play	CapableOf	buy ticket
horse	CapableOf	get drunk
have rest	HasPrerequisite	close your eye
sex	UsedFor	store clothe
motherboard	HasPrerequisite	computer
computer	AtLocation	earth
capital	AtLocation	find barber
college	AtLocation	place
child	CapableOf	country
kiss	HasPrerequisite	sign of affection
fruit	IsA	healthy
sofa bed	HasProperty	cute
wrench	AtLocation	tighten bolt
play game	CapableOf	bounce
jump out of window	IsA	jewelry
sex	UsedFor	good
lion	UsedFor	carnivore
dog	AtLocation	man best friend
jump out of window	HasPrerequisite	fence in property
tissue holder	NotCapableOf	hold tissue
person	AtLocation	clothe
pass course	HasPrerequisite	musical instrument
water	HasA	pool
snow	IsA	mountain
lizard	HasSubevent	dessert
cpu	PartOf	wind clock
whale	AtLocation	food
elementary school	CapableOf	school
knife	IsA	food
nurse	AtLocation	school
something	UsedFor	write
key	CapableOf	run
write	CapableOf	fly
pistol	PartOf	face
chess	Causes	game
rabbit	CreatedBy	mammal
thief	IsA	animal
butterfly	HasProperty	insect
go for drive	HasProperty	get car
hat	HasPrerequisite	wear on head
rifle	HasPrerequisite	gun
robin	AtLocation	bird
woman	HasA	exercise
car	ReceivesAction	fur
planet earth	CapableOf	round
walk in rain	UsedFor	get wet
coffee	HasProperty	type on keyboard
highway	IsA	wood
ball	IsA	fungus
eye	UsedFor	pound nail
lawn mower	AtLocation	your desk
teacher	CapableOf	tree
awake	IsA	yawn
chat with friend	AtLocation	build
have rest	CapableOf	corner mouse
dust bunny	UsedFor	bed
butter	AtLocation	food
plant	AtLocation	university
procreate	Causes	sew
earth	AtLocation	desk
bottle	IsA	forest
slide	HasA	park
play game	HasSubevent	red
water and oil	CapableOf	mix
guitar	HasA	captain ship
sleep	HasPrerequisite	play music
basketball	AtLocation	round
rock	AtLocation	relaxation
go to zoo	HasA	see animal
maintain muscle strength	CapableOf	slow car
surprise someone	HasPrerequisite	study
book	HasPrerequisite	go to museum
meet person	AtLocation	shake their hand
needle	HasProperty	cry loud
play game	HasSubevent	zoo
winter	UsedFor	sail
passenger	AtLocation	board airplane
chimney	HasSubevent	interview
book	CapableOf	crash
bank	UsedFor	computer
commit suicide	HasSubevent	game
tenor	HasA	three side
book	AtLocation	write
miner	CapableOf	fall asleep
day	AtLocation	garage
enjoy film	CapableOf	laugh
dream	HasSubevent	kitchen
shovel	HasPrerequisite	dig hole
cookie	HasProperty	lawn
urinate	IsA	your bladder be full
go to laundromat	HasProperty	clean clothe
play violin	UsedFor	music
reproduce	UsedFor	write
yo-yo	HasProperty	sharp
pilot	UsedFor	have drink
jack	HasSubevent	nod
france	AtLocation	desert
restaurant	IsA	measure distance
earn live	UsedFor	eat
go to movie	UsedFor	buy ticket
screwdriver	CapableOf	sharp
stay healthy	AtLocation	long life
tongue	CapableOf	bright
finch	CapableOf	play piano
bomb	IsA	food
die	Causes	stop breathe
school bus	AtLocation	yellow
have examination	CapableOf	kill person
mouse	AtLocation	kill person
lock	AtLocation	string instrument
sheet	AtLocation	sand
corner cupboard	AtLocation	string instrument
water	CapableOf	waterfall
person	CapableOf	explode
cornea	HasPrerequisite	eye
tomato	IsA	internet
wake up	CapableOf	open your eye
sleep	MotivatedByGoal	round
egg	IsA	machine
teacher	UsedFor	sit
snowman	AtLocation	tree
murder	MadeOf	flour
fry pan	UsedFor	taste food
arm	CapableOf	body
book	CapableOf	grow
carpenter	UsedFor	build house
green	IsA	insect
match	UsedFor	sleep
teacher	UsedFor	sleep
baby	CapableOf	airport
lion	AtLocation	lie
coat	PartOf	computer
islam	IsA	door
christianity	CapableOf	eat
usenet newsgroup	HasSubevent	usenet
san francisco	IsA	play music
see	HasSubevent	have orgasm
boat	UsedFor	on water
man	CapableOf	wood
pass course	HasProperty	fun
computer	UsedFor	ring doorbell
dog	UsedFor	four leg
farmer	CapableOf	teach student
read	CapableOf	light candle
air	IsA	learn
snore	HasPrerequisite	north of unite state
drive	HasPrerequisite	operate system
brain	HasA	head
pen	UsedFor	ink
fork	HasPrerequisite	travel
dentist	IsA	mall
hockey	UsedFor	sport
watch television	HasPrerequisite	go to bathroom
thief	IsA	case house
dog	ReceivesAction	eat
double edge razor	AtLocation	door
meet person	CapableOf	board plane
football	AtLocation	closet
read magazine	IsA	turn page
babysitter	HasPrerequisite	mind baby
mouse	CapableOf	kiss girl
cat	HasSubevent	fall down
pillow	IsA	language
floor	UsedFor	sit on
play tennis	HasSubevent	carp
see your favorite show	Causes	park
go to play	Causes	marriage
carpet	AtLocation	television
kill	Causes	sore throat
sleep	AtLocation	classroom
person	CapableOf	shop
thief	IsA	case joint
have fun	HasSubevent	make clothe
book	IsA	your desk
love	AtLocation	propose to woman
rest	UsedFor	sleep
commercial	AtLocation	string instrument
reproduce	HasSubevent	container
pot	CapableOf	carry person
get up early	AtLocation	set your alarm clock
cook	AtLocation	prepare meal
person	UsedFor	taste food
internet	UsedFor	library
cold	IsA	light fire
dog	UsedFor	move air
chair	CapableOf	comfortable
author	CapableOf	hat
artist	CapableOf	country
jump out of window	UsedFor	travel
person	IsA	thank another person
play game	PartOf	have fun
bathe	Causes	use soap
coke	UsedFor	bathe
towel rack	UsedFor	write on blackboard
someone	IsA	post office
floor	UsedFor	explode
weasel	Causes	zoo
lizard	AtLocation	school
cross street	AtLocation	laboratory
man	Desires	closet
take shower	HasSubevent	wear dress
triangle	PartOf	life
drum	CapableOf	percussion instrument
bed	UsedFor	cut
banana	AtLocation	lawn
glass	UsedFor	clean
food	UsedFor	lung cancer
cake	AtLocation	sweet
steel	IsA	instrument
wheel	PartOf	milk
person	CapableOf	composer
human	IsA	get wet
rice	IsA	color
rice	MadeOf	rubber
chopstick	UsedFor	five finger on each hand
knife	HasSubevent	cut
saturn	IsA	store clothe
mar	CapableOf	planet
apple	IsA	mammal
galaxy	PartOf	country
exercise	HasProperty	round
jack	CapableOf	child game
jack	UsedFor	game
chimney	HasProperty	big
star	AtLocation	your mouth
ride horse	HasSubevent	ocean
gamble	HasProperty	operate system
food	HasA	oven
cut your hair	HasPrerequisite	library
person	HasProperty	captain ship
computer	IsA	your house
tongue	UsedFor	keep food cold
lizard	CapableOf	cold blood
disco	UsedFor	good
bathe	HasPrerequisite	roof
sex	HasPrerequisite	have sex
seat	Causes	theater
car	UsedFor	city
fly in airplane	CapableOf	buy ticket
swim	PartOf	get into water
cross street	Causes	think
colorado	UsedFor	state
pilot	IsA	state
dog	IsA	fur
boat	HasPrerequisite	ask for it
flask	IsA	hold liquid
get pay	HasPrerequisite	cut wood
quill	UsedFor	walk
food	UsedFor	fridge
marijuana	IsA	mountain
computer	UsedFor	school
fish	AtLocation	shake their hand
wallet	UsedFor	tell time
soap	AtLocation	classroom
write	HasSubevent	door
diminish your own hunger	HasSubevent	get wet
rice	UsedFor	season food
horse	CapableOf	water plant
camper	HasPrerequisite	use your imagination
cereal bowl	UsedFor	kitchen
human	HasA	mine coal
compete	CapableOf	win
box	IsA	work
coke	IsA	sport
chew your food	CapableOf	good digestion
pray	IsA	head
floor	AtLocation	teach student
library	Causes	book
car	HasA	story
move car	AtLocation	pantry
play guitar	HasSubevent	milk
usher	HasA	fur
lawyer	CapableOf	paris
something	IsA	school
literature	AtLocation	office
hummingbird	CapableOf	refrigerator
cat	HasProperty	curious animal
use computer	HasPrerequisite	open your mouth
star trek	IsA	restaurant
key	MotivatedByGoal	learn
radio	AtLocation	play music
literature	AtLocation	read
attend lecture	HasProperty	take note
twenty four hour	HasPrerequisite	buy newspaper
stage	UsedFor	live in
get some money from someone	UsedFor	keep animal warm
play basketball	HasPrerequisite	think
fork	AtLocation	round
baseball field	UsedFor	story
cup	HasProperty	cold
cloth	HasSubevent	get drunk
dream	UsedFor	fall asleep
finger	AtLocation	push button
human	PartOf	society
compete	MotivatedByGoal	go to bathroom
full bladder	IsA	urinate
human	CapableOf	buy ticket
play poker	HasPrerequisite	bluff
pillow case	UsedFor	marriage
person	HasA	believe in god
star	AtLocation	church
get up early	AtLocation	air
pantry	AtLocation	play baseball
camper	AtLocation	bathroom
jump out of window	Causes	surprise
plane	UsedFor	communication
monkey	Desires	walk on
read newspaper	UsedFor	play music
computer	UsedFor	compute
salt	UsedFor	society
drawer	IsA	desk
banana	AtLocation	yellow
physic	IsA	make paper airplane
wine	AtLocation	beverage
tiger	UsedFor	zoo
cucumber	ReceivesAction	vegetable
person	CapableOf	bathroom
eye	UsedFor	card game
clarinet	IsA	color
live	HasSubevent	read
denim	Causes	fabric
bread	IsA	music
france	Desires	country
frog	UsedFor	amphibian
novel	CapableOf	book
brazil	Causes	country
bicycle	AtLocation	internet
have sex	Causes	laugh
book	NotHasProperty	fun
bicycle	IsA	transportation
blanket	UsedFor	protect foot
breathe	NotCapableOf	talk
commit suicide	MotivatedByGoal	you be very tire
most pizza	HasA	you get wet
paper	UsedFor	school
sit down	HasPrerequisite	burn thing
atheist	UsedFor	doubt existence of god
person	Desires	sweat
something	AtLocation	govern country
pineapple	CapableOf	piece together clue
play sport	CapableOf	run
policeman	ReceivesAction	ride
pickle	CapableOf	cloud judgement
something	AtLocation	travel on water
visit other country	HasProperty	expensive
pony	AtLocation	horse
drink	HasA	door
teacher	UsedFor	help student
your neighbor	CapableOf	door
gun	UsedFor	restaurant
restaurant	HasA	alcohol
poker	IsA	you lose
car	HasPrerequisite	repeat it to yourself
food	AtLocation	eat
climb	HasPrerequisite	get passport
moon	HasA	space
flower	HasSubevent	park
take bus	HasPrerequisite	smart
frisbee	HasProperty	turn out light
glass	CapableOf	cloud your judgement
rose	HasA	coat wall
human	AtLocation	sit on
eat breakfast	AtLocation	synagogue
kitchen	UsedFor	transportation
human	IsA	workplace
go to bed	AtLocation	bedroom
passenger	IsA	gas
train	Causes	arrive late
woman	CapableOf	fire
girl	HasPrerequisite	school
cheese	IsA	good
spanish restaurant	AtLocation	zoo
submarine	CapableOf	water
move car	Causes	fool audience
dog	CapableOf	shoe horse
gold	HasA	bill
hamburger	AtLocation	drink
get drunk	HasSubevent	drink alcohol
person	UsedFor	laugh at joke
chicken	AtLocation	carpet
condominium	UsedFor	paint on
propose to woman	HasPrerequisite	eat
shoe	HasSubevent	wear on foot
paper	HasPrerequisite	look both way
someone	HasPrerequisite	lake
bicycle	IsA	work
shirt	IsA	guard house
something	AtLocation	mammal
play piano	HasA	take lesson
fire	CapableOf	open lock
key	CapableOf	time race
milk	HasPrerequisite	buy ticket
usher	UsedFor	seat guest
drive	UsedFor	drink from
person	CapableOf	circulate air
walk in rain	AtLocation	you get wet
bomb	HasA	destroy build
go to performance	UsedFor	circulate air
parent	CapableOf	string instrument
raisin	IsA	spread peanut butter
bird	AtLocation	case house
traveller	AtLocation	knowledge
something	AtLocation	fall asleep
perl	AtLocation	mall
love	HasSubevent	learn
diner	HasA	penis
bomb	UsedFor	die
mechanic	CapableOf	library
someone	CreatedBy	theater
feather	HasSubevent	die
cake	HasA	oven
bread	HasPrerequisite	buy magazine
mother	CapableOf	supermarket
play sport	AtLocation	have fun
tv	CapableOf	abbreviation for television
pipe	UsedFor	travel under water
water	HasSubevent	reflect image
sock	Causes	sleep
rosebush	Causes	laugh
tool	UsedFor	bounce
study	HasSubevent	in paris
saxophone	IsA	look both way
bomb	PartOf	kill person
plant	HasSubevent	green
skyscraper	HasA	build
soap	HasPrerequisite	wash your hand
person	IsA	thank god
fruit	HasProperty	cook
stone	CapableOf	sail boat
chocolate	CapableOf	pay bill
toilet paper	UsedFor	sleep
have asthma attack	HasPrerequisite	rest
ticket office	HasSubevent	buy ticket
walk in rain	UsedFor	buy book
diner	IsA	eat
sailor	Causes	sail ship
have food	CapableOf	eat
read magazine	CapableOf	fail test
tooth	UsedFor	school
classroom	UsedFor	desk
propose to woman	IsA	marriage
ruler	CapableOf	coffee bean
airplane	IsA	travel
dresser	HasProperty	store clothe
feather	UsedFor	be entertain
window	ReceivesAction	look outside
submarine	Causes	ship
dog	UsedFor	play music
listen to radio	MadeOf	hear music
find lose item	HasPrerequisite	fast-food restaurant
something	UsedFor	preach
green	HasSubevent	breathe
dog	PartOf	loyal friend
fish	IsA	river
bowl	AtLocation	ocean
card catalog	AtLocation	instrument
cd	AtLocation	bathroom
planet	HasProperty	space
clarinet	HasSubevent	orchestra
wine list	IsA	restaurant
nose	AtLocation	bathroom
computer	AtLocation	backyard
food	AtLocation	circus
play game	HasPrerequisite	have fun
sheet	HasSubevent	cover bed
mouse	CapableOf	process information
chicken	IsA	vegetable
reproduce	UsedFor	eat
music stand	UsedFor	wear on foot
passenger	UsedFor	shave
flask	AtLocation	at school
jump out of window	UsedFor	throw
gather energy for tomorrow	IsA	meal
sock	AtLocation	desk
ear	UsedFor	seat
chocolate	AtLocation	food
dog	PartOf	family
pen	IsA	weapon
lettuce	IsA	buy ticket
car	AtLocation	vehicle
fork	HasPrerequisite	eat
murder	IsA	animal
alcohol	IsA	season
night	AtLocation	dark
steel	IsA	place
girl	HasProperty	sharp
chocolate	HasSubevent	candy
leaf	HasSubevent	tree
crappie	HasProperty	fish
salamander	IsA	vegetable
table tennis	IsA	round
pelican	IsA	carnivore
pray	UsedFor	write something on paper
god	PartOf	travel under water
metal	UsedFor	do research
paris	HasPrerequisite	city
music	PartOf	form of art
most person	HasProperty	cabinet
most person	HasProperty	write something on paper
car	IsA	headlight
girl	IsA	restaurant
bicycle	AtLocation	form of transportation
nose	AtLocation	on water
have physical exam	IsA	food at grocery store
propose to woman	MotivatedByGoal	door
have sex	HasSubevent	laughter
house	HasA	drive nail
pig	NotCapableOf	get wet
clothe	Desires	drawer
sushi	HasA	raw fish
sock	HasA	drawer
student	CapableOf	eat mouse
eat breakfast	HasPrerequisite	sky
apple	AtLocation	good for you
roof tile	UsedFor	wash yourself
corn	HasPrerequisite	food
glass	HasProperty	go to museum
poodle	IsA	build
go to party	UsedFor	hold towel
be tire	HasPrerequisite	learn program language
pineapple	CreatedBy	composer
sock	AtLocation	post office
glass	CapableOf	direct traffic
something	HasProperty	recyclable
twenty four hour	IsA	meat
sofa	HasSubevent	sit on
pulpit	HasPrerequisite	go to museum
go for haircut	HasPrerequisite	sleep
knife	AtLocation	spread peanut butter
classroom	IsA	play
stop your car	AtLocation	carpet
clerk	CapableOf	state
bunsen burner	Causes	chemistry lab
gather energy for tomorrow	AtLocation	race track
rope	AtLocation	animal
police officer	CapableOf	sore throat
dog	HasProperty	have some fun
golden retriever	HasSubevent	learn
bridge	UsedFor	stock shelve
literature	HasA	claw
puck	AtLocation	hear
fan	AtLocation	mail box
grocer	CapableOf	animal
person	HasPrerequisite	shoulder burden
someone	HasPrerequisite	turn on tv
salt	HasSubevent	fall down
bell	AtLocation	bookshelf
reproduce	PartOf	find mate
book	PartOf	backpack
your neighbor	AtLocation	theater
have nervous breakdown	HasSubevent	keep your shoe on
get some money from someone	AtLocation	ask
deaf person	UsedFor	hear
floor	UsedFor	learn something
woman	CapableOf	freeway
go for swim	UsedFor	drown
actor	CapableOf	movie
match	PartOf	light fire
most pizza	HasPrerequisite	go to toilet
tank	HasSubevent	use in war
car	CapableOf	north of unite state
nurse	CapableOf	search
detective	UsedFor	tail suspect
compete	UsedFor	prevent pregnancy
grain of sand	HasProperty	glass
visit other country	Causes	boredom
visitor	AtLocation	ring doorbell
your neighbor	AtLocation	drawer
gideon bible	AtLocation	play game
towel bar	UsedFor	tree
some plastic	AtLocation	recycle
passenger	Causes	board train
sock	HasPrerequisite	thread needle
think	Causes	brain
dolphin	AtLocation	store
typewriter	Causes	type letter
rack	HasA	oven
roof tile	HasProperty	fun
fire engine	UsedFor	red
tenor	IsA	canine
watch television show	Desires	turn on tv
go to hairdresser	CapableOf	get haircut
something	HasSubevent	sea
something	AtLocation	see animal
soda	CapableOf	drink
key	UsedFor	eat spanish food
car	IsA	useful tool
black hole	HasSubevent	eat popcorn
human	HasPrerequisite	snow
two person	UsedFor	sex
chat with friend	Causes	sweat
vintner	CapableOf	settle lawsuit
wake up	IsA	feel
do housework	AtLocation	shop
bowl	CapableOf	guard your house
dog	HasSubevent	fall asleep
plane	AtLocation	crash
canada	HasProperty	pet
relax	Causes	lake
banjo	AtLocation	string instrument
guitare	AtLocation	instrument
plane	HasSubevent	eat
snore	HasSubevent	be laugh
chop firewood	HasPrerequisite	park
play frisbee	HasPrerequisite	catch frisbee
stop your car	HasPrerequisite	window
bathe	UsedFor	be clean
rabbit	IsA	another word for rock
play	IsA	american pastime
librarian	IsA	hat
cup	MadeOf	leather
rubber duck	HasA	yellow
have food	HasProperty	cute
drink	IsA	hat
play ball	HasSubevent	perfect sphere
light fire	IsA	gun
paper	HasPrerequisite	sleep
child	HasPrerequisite	see doctor
plane	IsA	arrive at airport
drink	HasPrerequisite	go to bed early
make friend	HasPrerequisite	fruit
person	IsA	laugh
bottle	IsA	state
commit perjury	IsA	instrument
reproduce	Causes	post office
house	IsA	vegetable
play basketball	AtLocation	dribble
camper	IsA	sleep in tent
hear news	HasPrerequisite	keep your shoe on
hill	HasSubevent	climb
play sport	UsedFor	style hair
turtle	HasPrerequisite	live long time
tie your shoelace	UsedFor	smart
paint house	HasPrerequisite	school
spider	CapableOf	wear dress
president	CapableOf	sleep in tent
piggy bank	UsedFor	die
think	IsA	solve problem
watch television	MadeOf	turn television on
paper	UsedFor	sleep on
classroom	HasPrerequisite	go to store
towel rack	NotCapableOf	hold towel
rifle	UsedFor	live in
lawyer	CapableOf	carry person
fork	AtLocation	eat food
egg	HasProperty	supermarket
sun	AtLocation	win
knife	AtLocation	opera
audience	PartOf	theatre
human	HasSubevent	church
staple	RelatedTo	stapler
motherboard	AtLocation	purse
trash	AtLocation	fun
city	AtLocation	science
wake up	AtLocation	supermarket
science	UsedFor	university
reproduce	AtLocation	bedroom
foot	AtLocation	gun
cavity	AtLocation	buy ticket
golden retriever	AtLocation	museum
person	Desires	supermarket
book	HasProperty	writer
xylophone	IsA	hold liquid
dog	UsedFor	sweep
knife	UsedFor	metal
english	IsA	wear on foot
pass course	HasProperty	sour
trigger	CapableOf	gun
closet	UsedFor	play baseball
money	AtLocation	kitchen
oil	HasProperty	imagine
cup	ReceivesAction	drink
tree	AtLocation	school
think	MadeOf	wood
restaurant	IsA	city
pea	IsA	sport
child	HasA	play
door	PartOf	game
pot	UsedFor	good
someone	HasProperty	heavy
bed	PartOf	hand
night	MadeOf	coffee bean
paper	HasProperty	buy ticket
fish	IsA	object in court
person	MadeOf	denim
jack	HasProperty	edible
hawk	IsA	machine
pilot	IsA	fly helicopter
someone	IsA	game
jupiter	AtLocation	planet
lake	IsA	earth
spider	IsA	sky
whale	UsedFor	mammal
beaver	IsA	bathroom
glass	IsA	bird
crow	IsA	cut wood
hawk	IsA	useful tool
human	IsA	bird
perl	IsA	store liquid
c	IsA	sew
bird	AtLocation	sing
sex	Causes	put thing on
fish	AtLocation	you be very tire
dog	UsedFor	chew on bone
dog	HasPrerequisite	sweat
sex	IsA	carnivore
bill	HasPrerequisite	have money
twenty four hour	NotHasProperty	day
phone	UsedFor	your desk
atheist	NotCapableOf	city
dog	UsedFor	hold tissue
golden retriever	AtLocation	city
feather	HasPrerequisite	bird
football	UsedFor	dig hole
soap	UsedFor	bird
apple	HasPrerequisite	good to eat
eat breakfast in bed	UsedFor	watch tv
commit to memory	HasSubevent	sail boat
pillow case	HasPrerequisite	study
unix	IsA	sharp
unix	AtLocation	system
write term paper	PartOf	research
pool	ReceivesAction	propel by wind
compete	DefinedAs	baby cat
pray	HasPrerequisite	kneel down
shop	HasPrerequisite	dry grape
kill	HasProperty	land plane
bottle	UsedFor	jail
sleep	HasPrerequisite	dig hole
music	HasProperty	fly helicopter
usenet newsgroup	HasProperty	different
water	AtLocation	your mouth
plate	AtLocation	theater
snow	HasPrerequisite	drink alcohol
sail	HasProperty	city
boy	IsA	book
beer	CapableOf	alcoholic beverage
study	UsedFor	concentration
net	IsA	place
fart	CapableOf	bad smell
sink	Causes	lung cancer
cat	HasPrerequisite	enter competition
person	AtLocation	roof
toothbrush	UsedFor	study
go to performance	HasPrerequisite	your desk
create idea	AtLocation	think
surprise someone	HasPrerequisite	red
lock	HasSubevent	talk to them
take phone call	CapableOf	pick up phone
reach tentative agreement	HasPrerequisite	airport
wheel	HasSubevent	you feel guilty
key chain	ReceivesAction	keep key together
go to bed	AtLocation	desk
pea	IsA	eat
compete	HasSubevent	kill
submarine	CapableOf	zoo
watch even news	AtLocation	turn on television
disco	HasSubevent	have fun
have bath	HasPrerequisite	get out of heat
apple	AtLocation	denim
have rest	IsA	person
drive	HasSubevent	learn
restaurant	UsedFor	activity
chess board	UsedFor	64 square
school	AtLocation	cry loud
cavity	HasSubevent	laugh
have bath	AtLocation	get wet
play sport	AtLocation	airport
paint picture	HasSubevent	composer
relax	HasSubevent	vegetable
surprise someone	AtLocation	jar
baby	CapableOf	think
strike match	Causes	settle lawsuit
banker	CapableOf	kitchen
bury cat	CapableOf	dig hole
pheasant	HasPrerequisite	work
twenty-four hour	AtLocation	stock shelve
person	UsedFor	board plane
beanie	AtLocation	basement
girl	UsedFor	competition
stair	UsedFor	see animal
blanket	UsedFor	park car
terrorist	CapableOf	cupboard
wood	AtLocation	fence in property
pool	UsedFor	get car
play game	HasPrerequisite	leave
person	HasA	web foot
play basketball	AtLocation	score point
java	CapableOf	roll down hill
stethoscope	HasPrerequisite	doctor
make patchwork quilt	HasSubevent	ask for it
pheasant	AtLocation	tree
sushi	HasA	green leave
person	HasPrerequisite	have money
tire	UsedFor	cover body
spanish	IsA	sleep